id, round, trial, version, timestamp, frame, _relativeTime, pointerX, pointerY, mouseDX, mouseDY, phase, event
9770,0,1,RL,10:56:44.850,565,0.017,-0.101,-0.169,0.000,0.000,waitingForTarget,noEvent
9770,0,1,RL,10:56:44.862,566,0.031,-0.101,-0.169,0.000,0.000,waitingForTarget,noEvent
9770,0,1,RL,10:56:44.881,567,0.050,-0.101,-0.169,0.000,0.000,waitingForTarget,noEvent
9770,0,1,RL,10:56:44.898,568,0.068,-0.101,-0.169,0.000,0.000,waitingForTarget,noEvent
9770,0,1,RL,10:56:44.916,569,0.085,-0.101,-0.169,0.000,0.000,waitingForTarget,noEvent
9770,0,1,RL,10:56:44.933,570,0.101,-0.101,-0.169,0.000,0.000,waitingForTarget,noEvent
9770,0,1,RL,10:56:44.949,571,0.118,-0.101,-0.169,0.000,0.000,waitingForTarget,noEvent
9770,0,1,RL,10:56:44.965,572,0.134,-0.101,-0.169,0.000,0.000,waitingForTarget,noEvent
9770,0,1,RL,10:56:44.983,573,0.152,-0.101,-0.169,0.000,0.000,waitingForTarget,noEvent
9770,0,1,RL,10:56:44.998,574,0.167,-0.101,-0.169,0.000,0.000,waitingForTarget,noEvent
9770,0,1,RL,10:56:45.015,575,0.184,-0.101,-0.169,0.000,0.000,waitingForTarget,noEvent
9770,0,1,RL,10:56:45.033,576,0.202,-0.101,-0.169,0.000,0.000,waitingForTarget,noEvent
9770,0,1,RL,10:56:45.048,577,0.217,-0.101,-0.169,0.000,0.000,waitingForTarget,noEvent
9770,0,1,RL,10:56:45.065,578,0.234,-0.101,-0.169,0.000,0.000,waitingForTarget,noEvent
9770,0,1,RL,10:56:45.080,579,0.250,-0.101,-0.169,0.000,0.000,waitingForTarget,noEvent
9770,0,1,RL,10:56:45.100,580,0.269,-0.101,-0.169,0.000,0.000,waitingForTarget,noEvent
9770,0,1,RL,10:56:45.116,581,0.285,-0.101,-0.169,0.000,0.000,waitingForTarget,noEvent
9770,0,1,RL,10:56:45.131,582,0.300,-0.101,-0.169,0.000,0.000,waitingForTarget,noEvent
9770,0,1,RL,10:56:45.150,583,0.318,-0.101,-0.169,0.000,0.000,waitingForTarget,noEvent
9770,0,1,RL,10:56:45.164,584,0.333,-0.101,-0.169,0.000,0.000,waitingForTarget,noEvent
9770,0,1,RL,10:56:45.181,585,0.350,-0.101,-0.169,0.000,0.000,waitingForTarget,noEvent
9770,0,1,RL,10:56:45.200,586,0.369,-0.101,-0.169,0.000,0.000,waitingForTarget,noEvent
9770,0,1,RL,10:56:45.216,587,0.385,-0.101,-0.169,0.000,0.000,waitingForTarget,noEvent
9770,0,1,RL,10:56:45.233,588,0.401,-0.101,-0.169,0.000,0.000,waitingForTarget,noEvent
9770,0,1,RL,10:56:45.247,589,0.015,-0.101,-0.169,0.000,0.000,activeTracking,targetAppeared
9770,0,1,RL,10:56:45.265,590,0.032,-0.101,-0.169,0.000,0.000,activeTracking,noEvent
9770,0,1,RL,10:56:45.282,591,0.049,-0.101,-0.169,0.000,0.000,activeTracking,noEvent
9770,0,1,RL,10:56:45.296,592,0.064,-0.101,-0.169,0.000,0.000,activeTracking,noEvent
9770,0,1,RL,10:56:45.315,593,0.083,-0.101,-0.169,0.000,0.000,activeTracking,noEvent
9770,0,1,RL,10:56:45.331,594,0.099,-0.101,-0.169,0.000,0.000,activeTracking,noEvent
9770,0,1,RL,10:56:45.349,595,0.117,-0.101,-0.169,0.000,0.000,activeTracking,noEvent
9770,0,1,RL,10:56:45.365,596,0.133,-0.101,-0.169,0.000,0.000,activeTracking,noEvent
9770,0,1,RL,10:56:45.381,597,0.149,-0.101,-0.169,0.000,0.000,activeTracking,noEvent
9770,0,1,RL,10:56:45.399,598,0.166,-0.101,-0.169,0.000,0.000,activeTracking,noEvent
9770,0,1,RL,10:56:45.416,599,0.183,-0.101,-0.169,0.000,0.000,activeTracking,noEvent
9770,0,1,RL,10:56:45.432,600,0.200,-0.101,-0.169,0.000,0.000,activeTracking,noEvent
9770,0,1,RL,10:56:45.450,601,0.217,-0.101,-0.169,0.000,0.000,activeTracking,noEvent
9770,0,1,RL,10:56:45.465,602,0.233,-0.101,-0.169,0.000,0.000,activeTracking,noEvent
9770,0,1,RL,10:56:45.484,603,0.251,-0.101,-0.169,0.000,0.000,activeTracking,noEvent
9770,0,1,RL,10:56:45.499,604,0.266,-0.101,-0.169,0.000,0.000,activeTracking,noEvent
9770,0,1,RL,10:56:45.516,605,0.283,-0.203,-0.152,-0.900,0.150,activeTracking,noEvent
9770,0,1,RL,10:56:45.533,606,0.300,-0.467,-0.113,-2.050,0.300,activeTracking,noEvent
9770,0,1,RL,10:56:45.549,607,0.317,-0.782,-0.066,-2.000,0.300,activeTracking,noEvent
9770,0,1,RL,10:56:45.565,608,0.333,-1.103,-0.016,-1.900,0.300,activeTracking,noEvent
9770,0,1,RL,10:56:45.582,609,0.349,-1.371,0.023,-1.400,0.200,activeTracking,noEvent
9770,0,1,RL,10:56:45.599,610,0.366,-1.640,0.042,-1.550,0.050,activeTracking,noEvent
9770,0,1,RL,10:56:45.616,611,0.384,-1.805,0.054,-0.650,0.050,activeTracking,noEvent
9770,0,1,RL,10:56:45.631,612,0.399,-1.913,0.058,-0.450,0.000,activeTracking,noEvent
9770,0,1,RL,10:56:45.648,613,0.416,-1.996,0.060,-0.400,0.000,activeTracking,noEvent
9770,0,1,RL,10:56:45.665,614,0.432,-2.077,0.060,-0.450,0.000,activeTracking,noEvent
9770,0,1,RL,10:56:45.682,615,0.450,-2.151,0.055,-0.400,-0.050,activeTracking,noEvent
9770,0,1,RL,10:56:45.700,616,0.468,-2.235,0.047,-0.500,-0.050,activeTracking,noEvent
9770,0,1,RL,10:56:45.715,617,0.483,-2.287,0.045,-0.200,0.000,activeTracking,noEvent
9770,0,1,RL,10:56:45.732,618,0.499,-2.304,0.044,0.000,0.000,activeTracking,noEvent
9770,0,1,RL,10:56:45.748,619,0.515,-2.316,0.044,-0.050,0.000,activeTracking,noEvent
9770,0,1,RL,10:56:45.764,620,0.532,-2.332,0.043,-0.100,0.000,activeTracking,noEvent
9770,0,1,RL,10:56:45.781,621,0.548,-2.367,0.038,-0.250,-0.050,onTarget,noEvent
9770,0,1,RL,10:56:45.799,622,0.566,-2.426,0.024,-0.400,-0.100,onTarget,noEvent
9770,0,1,RL,10:56:45.815,623,0.582,-2.470,0.020,-0.200,0.000,onTarget,noEvent
9770,0,1,RL,10:56:45.833,624,0.601,-2.509,0.018,-0.200,0.000,onTarget,noEvent
9770,0,1,RL,10:56:45.847,625,0.616,-2.521,0.018,0.000,0.000,onTarget,noEvent
9770,0,1,RL,10:56:45.865,626,0.633,-2.526,0.018,0.000,0.000,onTarget,noEvent
9770,0,1,RL,10:56:45.881,627,0.650,-2.527,0.017,0.000,0.000,onTarget,noEvent
9770,0,1,RL,10:56:45.899,628,0.668,-2.528,0.017,0.000,0.000,onTarget,noEvent
9770,0,1,RL,10:56:45.914,629,0.682,-2.528,0.017,0.000,0.000,onTarget,noEvent
9770,0,1,RL,10:56:45.950,630,0.700,-2.528,0.017,0.000,0.000,onTarget,targetClick
9770,0,2,RL,10:56:47.215,705,0.717,-0.203,0.008,0.000,0.000,waitingForTarget,noEvent
9770,0,2,RL,10:56:47.230,706,0.732,-0.203,0.008,0.000,0.000,waitingForTarget,noEvent
9770,0,2,RL,10:56:47.247,707,0.750,-0.203,0.008,0.000,0.000,waitingForTarget,noEvent
9770,0,2,RL,10:56:47.263,708,0.766,-0.203,0.008,0.000,0.000,waitingForTarget,noEvent
9770,0,2,RL,10:56:47.280,709,0.783,-0.203,0.008,0.000,0.000,waitingForTarget,noEvent
9770,0,2,RL,10:56:47.296,710,0.799,-0.203,0.008,0.000,0.000,waitingForTarget,noEvent
9770,0,2,RL,10:56:47.314,711,0.816,-0.203,0.008,0.000,0.000,waitingForTarget,noEvent
9770,0,2,RL,10:56:47.329,712,0.831,-0.203,0.008,0.000,0.000,waitingForTarget,noEvent
9770,0,2,RL,10:56:47.347,713,0.849,-0.203,0.008,0.000,0.000,waitingForTarget,noEvent
9770,0,2,RL,10:56:47.364,714,0.867,-0.203,0.008,0.000,0.000,waitingForTarget,noEvent
9770,0,2,RL,10:56:47.380,715,0.883,-0.203,0.008,0.000,0.000,waitingForTarget,noEvent
9770,0,2,RL,10:56:47.396,716,0.898,-0.203,0.008,0.000,0.000,waitingForTarget,noEvent
9770,0,2,RL,10:56:47.413,717,0.916,-0.203,0.008,0.000,0.000,waitingForTarget,noEvent
9770,0,2,RL,10:56:47.431,718,0.933,-0.203,0.008,0.000,0.000,waitingForTarget,noEvent
9770,0,2,RL,10:56:47.446,719,0.948,-0.203,0.008,0.000,0.000,waitingForTarget,noEvent
9770,0,2,RL,10:56:47.464,720,0.967,-0.203,0.008,0.000,0.000,waitingForTarget,noEvent
9770,0,2,RL,10:56:47.480,721,0.982,-0.203,0.008,0.000,0.000,waitingForTarget,noEvent
9770,0,2,RL,10:56:47.497,722,0.999,-0.203,0.008,0.000,0.000,waitingForTarget,noEvent
9770,0,2,RL,10:56:47.513,723,1.015,-0.203,0.008,0.000,0.000,waitingForTarget,noEvent
9770,0,2,RL,10:56:47.531,724,1.032,-0.203,0.008,0.000,0.000,waitingForTarget,noEvent
9770,0,2,RL,10:56:47.547,725,1.049,-0.203,0.008,0.000,0.000,waitingForTarget,noEvent
9770,0,2,RL,10:56:47.563,726,1.065,-0.203,0.008,0.000,0.000,waitingForTarget,noEvent
9770,0,2,RL,10:56:47.579,727,1.082,-0.203,0.008,0.000,0.000,waitingForTarget,noEvent
9770,0,2,RL,10:56:47.597,728,1.099,-0.203,0.008,0.000,0.000,waitingForTarget,noEvent
9770,0,2,RL,10:56:47.613,729,1.115,-0.203,0.008,0.000,0.000,waitingForTarget,noEvent
9770,0,2,RL,10:56:47.630,730,0.018,-0.203,0.008,0.000,0.000,activeTracking,targetAppeared
9770,0,2,RL,10:56:47.646,731,0.033,-0.203,0.008,0.000,0.000,activeTracking,noEvent
9770,0,2,RL,10:56:47.663,732,0.051,-0.203,0.008,0.000,0.000,activeTracking,noEvent
9770,0,2,RL,10:56:47.679,733,0.067,-0.203,0.008,0.000,0.000,activeTracking,noEvent
9770,0,2,RL,10:56:47.698,734,0.085,-0.203,0.008,0.000,0.000,activeTracking,noEvent
9770,0,2,RL,10:56:47.715,735,0.102,-0.203,0.008,0.000,0.000,activeTracking,noEvent
9770,0,2,RL,10:56:47.730,736,0.117,-0.203,0.008,0.000,0.000,activeTracking,noEvent
9770,0,2,RL,10:56:47.747,737,0.134,-0.203,0.008,0.000,0.000,activeTracking,noEvent
9770,0,2,RL,10:56:47.762,738,0.150,-0.203,0.008,0.000,0.000,activeTracking,noEvent
9770,0,2,RL,10:56:47.781,739,0.168,-0.203,0.008,0.000,0.000,activeTracking,noEvent
9770,0,2,RL,10:56:47.796,740,0.184,-0.203,0.008,0.000,0.000,activeTracking,noEvent
9770,0,2,RL,10:56:47.815,741,0.202,-0.152,0.031,0.450,0.200,activeTracking,noEvent
9770,0,2,RL,10:56:47.829,742,0.216,-0.017,0.072,1.050,0.300,activeTracking,noEvent
9770,0,2,RL,10:56:47.847,743,0.234,0.174,0.103,1.300,0.150,activeTracking,noEvent
9770,0,2,RL,10:56:47.862,744,0.250,0.385,0.124,1.300,0.100,activeTracking,noEvent
9770,0,2,RL,10:56:47.878,745,0.266,0.568,0.132,1.000,0.000,activeTracking,noEvent
9770,0,2,RL,10:56:47.900,746,0.286,0.821,0.129,1.700,-0.050,activeTracking,noEvent
9770,0,2,RL,10:56:47.914,747,0.301,0.980,0.128,0.650,0.000,activeTracking,noEvent
9770,0,2,RL,10:56:47.931,748,0.318,1.198,0.128,1.450,0.000,activeTracking,noEvent
9770,0,2,RL,10:56:47.947,749,0.334,1.391,0.128,1.050,0.000,activeTracking,noEvent
9770,0,2,RL,10:56:47.964,750,0.352,1.577,0.134,1.050,0.050,activeTracking,noEvent
9770,0,2,RL,10:56:47.980,751,0.368,1.720,0.142,0.700,0.050,activeTracking,noEvent
9770,0,2,RL,10:56:47.995,752,0.383,1.803,0.156,0.300,0.100,activeTracking,noEvent
9770,0,2,RL,10:56:48.014,753,0.402,1.872,0.167,0.350,0.050,activeTracking,noEvent
9770,0,2,RL,10:56:48.032,754,0.419,1.982,0.165,0.750,-0.050,activeTracking,noEvent
9770,0,2,RL,10:56:48.046,755,0.434,2.084,0.141,0.550,-0.200,activeTracking,noEvent
9770,0,2,RL,10:56:48.063,756,0.450,2.183,0.105,0.550,-0.250,activeTracking,noEvent
9770,0,2,RL,10:56:48.080,757,0.468,2.281,0.076,0.550,-0.150,activeTracking,noEvent
9770,0,2,RL,10:56:48.096,758,0.483,2.368,0.054,0.450,-0.100,onTarget,noEvent
9770,0,2,RL,10:56:48.114,759,0.501,2.432,0.041,0.300,-0.050,onTarget,noEvent
9770,0,2,RL,10:56:48.130,760,0.517,2.460,0.037,0.050,0.000,onTarget,noEvent
9770,0,2,RL,10:56:48.146,761,0.533,2.469,0.036,0.000,0.000,onTarget,noEvent
9770,0,2,RL,10:56:48.162,762,0.550,2.472,0.035,0.000,0.000,onTarget,noEvent
9770,0,2,RL,10:56:48.180,763,0.567,2.479,0.035,0.050,0.000,onTarget,noEvent
9770,0,2,RL,10:56:48.196,764,0.584,2.482,0.035,0.000,0.000,onTarget,noEvent
9770,0,2,RL,10:56:48.213,765,0.600,2.482,0.035,0.000,0.000,onTarget,noEvent
9770,0,2,RL,10:56:48.230,766,0.617,2.483,0.035,0.000,0.000,onTarget,noEvent
9770,0,2,RL,10:56:48.247,767,0.633,2.483,0.035,0.000,0.000,onTarget,targetClick
9770,0,3,RL,10:56:49.547,845,0.645,0.397,0.008,0.000,0.000,waitingForTarget,noEvent
9770,0,3,RL,10:56:49.563,846,0.663,0.397,0.008,0.000,0.000,waitingForTarget,noEvent
9770,0,3,RL,10:56:49.580,847,0.679,0.397,0.008,0.000,0.000,waitingForTarget,noEvent
9770,0,3,RL,10:56:49.597,848,0.695,0.397,0.008,0.000,0.000,waitingForTarget,noEvent
9770,0,3,RL,10:56:49.614,849,0.713,0.397,0.008,0.000,0.000,waitingForTarget,noEvent
9770,0,3,RL,10:56:49.628,850,0.728,0.397,0.008,0.000,0.000,waitingForTarget,noEvent
9770,0,3,RL,10:56:49.646,851,0.745,0.397,0.008,0.000,0.000,waitingForTarget,noEvent
9770,0,3,RL,10:56:49.662,852,0.761,0.397,0.008,0.000,0.000,waitingForTarget,noEvent
9770,0,3,RL,10:56:49.679,853,0.778,0.397,0.008,0.000,0.000,waitingForTarget,noEvent
9770,0,3,RL,10:56:49.697,854,0.796,0.397,0.008,0.000,0.000,waitingForTarget,noEvent
9770,0,3,RL,10:56:49.713,855,0.812,0.397,0.008,0.000,0.000,waitingForTarget,noEvent
9770,0,3,RL,10:56:49.732,856,0.830,0.397,0.008,0.000,0.000,waitingForTarget,noEvent
9770,0,3,RL,10:56:49.746,857,0.845,0.397,0.008,0.000,0.000,waitingForTarget,noEvent
9770,0,3,RL,10:56:49.763,858,0.862,0.397,0.008,0.000,0.000,waitingForTarget,noEvent
9770,0,3,RL,10:56:49.781,859,0.880,0.397,0.008,0.000,0.000,waitingForTarget,noEvent
9770,0,3,RL,10:56:49.798,860,0.897,0.397,0.008,0.000,0.000,waitingForTarget,noEvent
9770,0,3,RL,10:56:49.814,861,0.913,0.397,0.008,0.000,0.000,waitingForTarget,noEvent
9770,0,3,RL,10:56:49.829,862,0.928,0.397,0.008,0.000,0.000,waitingForTarget,noEvent
9770,0,3,RL,10:56:49.847,863,0.947,0.397,0.008,0.000,0.000,waitingForTarget,noEvent
9770,0,3,RL,10:56:49.864,864,0.963,0.397,0.008,0.000,0.000,waitingForTarget,noEvent
9770,0,3,RL,10:56:49.880,865,0.980,0.397,0.008,0.000,0.000,waitingForTarget,noEvent
9770,0,3,RL,10:56:49.896,866,0.995,0.397,0.008,0.000,0.000,waitingForTarget,noEvent
9770,0,3,RL,10:56:49.915,867,1.013,0.397,0.008,0.000,0.000,waitingForTarget,noEvent
9770,0,3,RL,10:56:49.929,868,1.029,0.397,0.008,0.000,0.000,waitingForTarget,noEvent
9770,0,3,RL,10:56:49.948,869,1.046,0.397,0.008,0.000,0.000,waitingForTarget,noEvent
9770,0,3,RL,10:56:49.963,870,0.016,0.397,0.008,0.000,0.000,activeTracking,targetAppeared
9770,0,3,RL,10:56:49.981,871,0.034,0.397,0.008,0.000,0.000,activeTracking,noEvent
9770,0,3,RL,10:56:49.997,872,0.050,0.397,0.008,0.000,0.000,activeTracking,noEvent
9770,0,3,RL,10:56:50.015,873,0.068,0.397,0.008,0.000,0.000,activeTracking,noEvent
9770,0,3,RL,10:56:50.030,874,0.083,0.397,0.008,0.000,0.000,activeTracking,noEvent
9770,0,3,RL,10:56:50.047,875,0.099,0.397,0.008,0.000,0.000,activeTracking,noEvent
9770,0,3,RL,10:56:50.065,876,0.118,0.397,0.008,0.000,0.000,activeTracking,noEvent
9770,0,3,RL,10:56:50.081,877,0.134,0.397,0.008,0.000,0.000,activeTracking,noEvent
9770,0,3,RL,10:56:50.097,878,0.150,0.397,0.008,0.000,0.000,activeTracking,noEvent
9770,0,3,RL,10:56:50.113,879,0.166,0.397,0.008,0.000,0.000,activeTracking,noEvent
9770,0,3,RL,10:56:50.130,880,0.183,0.397,0.008,0.000,0.000,activeTracking,noEvent
9770,0,3,RL,10:56:50.146,881,0.199,0.397,0.008,0.000,0.000,activeTracking,noEvent
9770,0,3,RL,10:56:50.162,882,0.215,0.397,0.008,0.000,0.000,activeTracking,noEvent
9770,0,3,RL,10:56:50.180,883,0.232,0.397,0.008,0.000,0.000,activeTracking,noEvent
9770,0,3,RL,10:56:50.198,884,0.250,0.397,0.008,0.000,0.000,activeTracking,noEvent
9770,0,3,RL,10:56:50.212,885,0.266,0.397,0.008,0.000,0.000,activeTracking,noEvent
9770,0,3,RL,10:56:50.229,886,0.282,0.397,0.008,0.000,0.000,activeTracking,noEvent
9770,0,3,RL,10:56:50.247,887,0.300,0.470,0.020,0.650,0.100,activeTracking,noEvent
9770,0,3,RL,10:56:50.264,888,0.317,0.749,0.069,2.250,0.400,activeTracking,noEvent
9770,0,3,RL,10:56:50.279,889,0.333,1.052,0.108,1.850,0.200,activeTracking,noEvent
9770,0,3,RL,10:56:50.297,890,0.350,1.354,0.144,1.750,0.200,activeTracking,noEvent
9770,0,3,RL,10:56:50.314,891,0.367,1.611,0.168,1.350,0.100,activeTracking,noEvent
9770,0,3,RL,10:56:50.330,892,0.383,1.813,0.182,1.000,0.050,activeTracking,noEvent
9770,0,3,RL,10:56:50.348,893,0.400,1.980,0.199,0.850,0.100,activeTracking,noEvent
9770,0,3,RL,10:56:50.363,894,0.417,2.101,0.205,0.550,0.000,activeTracking,noEvent
9770,0,3,RL,10:56:50.379,895,0.432,2.189,0.213,0.400,0.050,activeTracking,noEvent
9770,0,3,RL,10:56:50.399,896,0.451,2.313,0.227,0.800,0.100,activeTracking,noEvent
9770,0,3,RL,10:56:50.413,897,0.467,2.402,0.215,0.400,-0.150,activeTracking,noEvent
9770,0,3,RL,10:56:50.430,898,0.483,2.456,0.194,0.200,-0.150,onTarget,noEvent
9770,0,3,RL,10:56:50.446,899,0.499,2.498,0.181,0.200,-0.050,onTarget,noEvent
9770,0,3,RL,10:56:50.462,900,0.516,2.530,0.171,0.150,-0.050,onTarget,noEvent
9770,0,3,RL,10:56:50.480,901,0.533,2.565,0.156,0.200,-0.100,onTarget,noEvent
9770,0,3,RL,10:56:50.496,902,0.550,2.588,0.151,0.100,0.000,onTarget,noEvent
9770,0,3,RL,10:56:50.513,903,0.566,2.614,0.144,0.150,-0.050,onTarget,noEvent
9770,0,3,RL,10:56:50.530,904,0.583,2.653,0.135,0.250,-0.050,onTarget,noEvent
9770,0,3,RL,10:56:50.547,905,0.599,2.672,0.133,0.050,0.000,onTarget,noEvent
9770,0,3,RL,10:56:50.563,906,0.617,2.679,0.132,0.000,0.000,onTarget,noEvent
9770,0,3,RL,10:56:50.581,907,0.633,2.681,0.132,0.000,0.000,onTarget,noEvent
9770,0,3,RL,10:56:50.597,908,0.651,2.681,0.131,0.000,0.000,onTarget,noEvent
9770,0,3,RL,10:56:50.614,909,0.666,2.682,0.131,0.000,0.000,onTarget,noEvent
9770,0,3,RL,10:56:50.630,910,0.683,2.682,0.131,0.000,0.000,onTarget,targetClick
9770,0,4,RL,10:56:51.846,983,0.700,-0.135,0.143,0.000,0.000,waitingForTarget,noEvent
9770,0,4,RL,10:56:51.863,984,0.716,-0.135,0.143,0.000,0.000,waitingForTarget,noEvent
9770,0,4,RL,10:56:51.881,985,0.734,-0.135,0.143,0.000,0.000,waitingForTarget,noEvent
9770,0,4,RL,10:56:51.896,986,0.750,-0.135,0.143,0.000,0.000,waitingForTarget,noEvent
9770,0,4,RL,10:56:51.914,987,0.767,-0.135,0.143,0.000,0.000,waitingForTarget,noEvent
9770,0,4,RL,10:56:51.930,988,0.783,-0.135,0.143,0.000,0.000,waitingForTarget,noEvent
9770,0,4,RL,10:56:51.947,989,0.801,-0.135,0.143,0.000,0.000,waitingForTarget,noEvent
9770,0,4,RL,10:56:51.963,990,0.817,-0.135,0.143,0.000,0.000,waitingForTarget,noEvent
9770,0,4,RL,10:56:51.979,991,0.833,-0.135,0.143,0.000,0.000,waitingForTarget,noEvent
9770,0,4,RL,10:56:51.997,992,0.850,-0.135,0.143,0.000,0.000,waitingForTarget,noEvent
9770,0,4,RL,10:56:52.014,993,0.868,-0.135,0.143,0.000,0.000,waitingForTarget,noEvent
9770,0,4,RL,10:56:52.030,994,0.884,-0.135,0.143,0.000,0.000,waitingForTarget,noEvent
9770,0,4,RL,10:56:52.045,995,0.899,-0.135,0.143,0.000,0.000,waitingForTarget,noEvent
9770,0,4,RL,10:56:52.063,996,0.916,-0.135,0.143,0.000,0.000,waitingForTarget,noEvent
9770,0,4,RL,10:56:52.080,997,0.933,-0.135,0.143,0.000,0.000,waitingForTarget,noEvent
9770,0,4,RL,10:56:52.098,998,0.951,-0.135,0.143,0.000,0.000,waitingForTarget,noEvent
9770,0,4,RL,10:56:52.113,999,0.967,-0.135,0.143,0.000,0.000,waitingForTarget,noEvent
9770,0,4,RL,10:56:52.130,1000,0.983,-0.135,0.143,0.000,0.000,waitingForTarget,noEvent
9770,0,4,RL,10:56:52.147,1001,1.000,-0.135,0.143,0.000,0.000,waitingForTarget,noEvent
9770,0,4,RL,10:56:52.163,1002,1.017,-0.135,0.143,0.000,0.000,waitingForTarget,noEvent
9770,0,4,RL,10:56:52.182,1003,1.034,-0.135,0.143,0.000,0.000,waitingForTarget,noEvent
9770,0,4,RL,10:56:52.197,1004,1.050,-0.135,0.143,0.000,0.000,waitingForTarget,noEvent
9770,0,4,RL,10:56:52.213,1005,1.066,-0.135,0.143,0.000,0.000,waitingForTarget,noEvent
9770,0,4,RL,10:56:52.230,1006,1.083,-0.135,0.143,0.000,0.000,waitingForTarget,noEvent
9770,0,4,RL,10:56:52.247,1007,0.017,-0.135,0.143,0.000,0.000,activeTracking,targetAppeared
9770,0,4,RL,10:56:52.264,1008,0.035,-0.135,0.143,0.000,0.000,activeTracking,noEvent
9770,0,4,RL,10:56:52.279,1009,0.050,-0.135,0.143,0.000,0.000,activeTracking,noEvent
9770,0,4,RL,10:56:52.298,1010,0.067,-0.135,0.143,0.000,0.000,activeTracking,noEvent
9770,0,4,RL,10:56:52.313,1011,0.083,-0.135,0.143,0.000,0.000,activeTracking,noEvent
9770,0,4,RL,10:56:52.330,1012,0.100,-0.135,0.143,0.000,0.000,activeTracking,noEvent
9770,0,4,RL,10:56:52.346,1013,0.116,-0.135,0.143,0.000,0.000,activeTracking,noEvent
9770,0,4,RL,10:56:52.363,1014,0.133,-0.135,0.143,0.000,0.000,activeTracking,noEvent
9770,0,4,RL,10:56:52.379,1015,0.150,-0.135,0.143,0.000,0.000,activeTracking,noEvent
9770,0,4,RL,10:56:52.397,1016,0.167,-0.135,0.143,0.000,0.000,activeTracking,noEvent
9770,0,4,RL,10:56:52.412,1017,0.183,-0.135,0.143,0.000,0.000,activeTracking,noEvent
9770,0,4,RL,10:56:52.431,1018,0.201,-0.135,0.143,0.000,0.000,activeTracking,noEvent
9770,0,4,RL,10:56:52.446,1019,0.216,-0.135,0.143,0.000,0.000,activeTracking,noEvent
9770,0,4,RL,10:56:52.463,1020,0.233,-0.135,0.143,0.000,0.000,activeTracking,noEvent
9770,0,4,RL,10:56:52.480,1021,0.250,-0.135,0.143,0.000,0.000,activeTracking,noEvent
9770,0,4,RL,10:56:52.497,1022,0.267,-0.135,0.143,0.000,0.000,activeTracking,noEvent
9770,0,4,RL,10:56:52.514,1023,0.284,-0.135,0.143,0.000,0.000,activeTracking,noEvent
9770,0,4,RL,10:56:52.530,1024,0.300,-0.135,0.143,0.000,0.000,activeTracking,noEvent
9770,0,4,RL,10:56:52.547,1025,0.317,-0.135,0.143,0.000,0.000,activeTracking,noEvent
9770,0,4,RL,10:56:52.563,1026,0.334,-0.135,0.143,0.000,0.000,activeTracking,noEvent
9770,0,4,RL,10:56:52.579,1027,0.349,-0.360,0.138,-2.000,-0.050,activeTracking,noEvent
9770,0,4,RL,10:56:52.596,1028,0.366,-0.650,0.142,-1.900,0.050,activeTracking,noEvent
9770,0,4,RL,10:56:52.614,1029,0.383,-1.036,0.144,-2.550,0.000,activeTracking,noEvent
9770,0,4,RL,10:56:52.631,1030,0.401,-1.331,0.128,-1.450,-0.150,activeTracking,noEvent
9770,0,4,RL,10:56:52.646,1031,0.416,-1.586,0.105,-1.350,-0.150,activeTracking,noEvent
9770,0,4,RL,10:56:52.664,1032,0.434,-1.764,0.087,-0.800,-0.100,activeTracking,noEvent
9770,0,4,RL,10:56:52.681,1033,0.451,-1.894,0.069,-0.600,-0.100,activeTracking,noEvent
9770,0,4,RL,10:56:52.696,1034,0.466,-2.013,0.046,-0.650,-0.150,activeTracking,noEvent
9770,0,4,RL,10:56:52.712,1035,0.483,-2.106,0.033,-0.450,-0.050,activeTracking,noEvent
9770,0,4,RL,10:56:52.730,1036,0.500,-2.214,0.022,-0.650,-0.050,activeTracking,noEvent
9770,0,4,RL,10:56:52.747,1037,0.517,-2.298,0.025,-0.400,0.050,activeTracking,noEvent
9770,0,4,RL,10:56:52.763,1038,0.534,-2.355,0.031,-0.250,0.050,onTarget,noEvent
9770,0,4,RL,10:56:52.780,1039,0.550,-2.392,0.034,-0.150,0.000,onTarget,noEvent
9770,0,4,RL,10:56:52.797,1040,0.567,-2.411,0.034,-0.050,0.000,onTarget,noEvent
9770,0,4,RL,10:56:52.812,1041,0.583,-2.417,0.035,0.000,0.000,onTarget,noEvent
9770,0,4,RL,10:56:52.832,1042,0.601,-2.425,0.035,-0.050,0.000,onTarget,noEvent
9770,0,4,RL,10:56:52.847,1043,0.616,-2.428,0.035,0.000,0.000,onTarget,noEvent
9770,0,4,RL,10:56:52.862,1044,0.633,-2.428,0.035,0.000,0.000,onTarget,noEvent
9770,0,4,RL,10:56:52.881,1045,0.650,-2.429,0.035,0.000,0.000,onTarget,noEvent
9770,0,4,RL,10:56:52.897,1046,0.667,-2.429,0.035,0.000,0.000,onTarget,noEvent
9770,0,4,RL,10:56:52.913,1047,0.684,-2.429,0.035,0.000,0.000,onTarget,targetClick
9770,0,5,RL,10:56:54.197,1124,0.701,0.000,0.042,0.000,0.000,waitingForTarget,noEvent
9770,0,5,RL,10:56:54.214,1125,0.717,0.000,0.042,0.000,0.000,waitingForTarget,noEvent
9770,0,5,RL,10:56:54.230,1126,0.733,0.000,0.042,0.000,0.000,waitingForTarget,noEvent
9770,0,5,RL,10:56:54.246,1127,0.750,0.000,0.042,0.000,0.000,waitingForTarget,noEvent
9770,0,5,RL,10:56:54.262,1128,0.766,0.000,0.042,0.000,0.000,waitingForTarget,noEvent
9770,0,5,RL,10:56:54.280,1129,0.783,0.000,0.042,0.000,0.000,waitingForTarget,noEvent
9770,0,5,RL,10:56:54.297,1130,0.800,0.000,0.042,0.000,0.000,waitingForTarget,noEvent
9770,0,5,RL,10:56:54.312,1131,0.816,0.000,0.042,0.000,0.000,waitingForTarget,noEvent
9770,0,5,RL,10:56:54.329,1132,0.833,0.000,0.042,0.000,0.000,waitingForTarget,noEvent
9770,0,5,RL,10:56:54.348,1133,0.851,0.000,0.042,0.000,0.000,waitingForTarget,noEvent
9770,0,5,RL,10:56:54.363,1134,0.867,0.000,0.042,0.000,0.000,waitingForTarget,noEvent
9770,0,5,RL,10:56:54.380,1135,0.883,0.000,0.042,0.000,0.000,waitingForTarget,noEvent
9770,0,5,RL,10:56:54.396,1136,0.900,0.000,0.042,0.000,0.000,waitingForTarget,noEvent
9770,0,5,RL,10:56:54.414,1137,0.918,0.000,0.042,0.000,0.000,waitingForTarget,noEvent
9770,0,5,RL,10:56:54.431,1138,0.934,0.000,0.042,0.000,0.000,waitingForTarget,noEvent
9770,0,5,RL,10:56:54.447,1139,0.950,0.000,0.042,0.000,0.000,waitingForTarget,noEvent
9770,0,5,RL,10:56:54.464,1140,0.967,0.000,0.042,0.000,0.000,waitingForTarget,noEvent
9770,0,5,RL,10:56:54.480,1141,0.984,0.000,0.042,0.000,0.000,waitingForTarget,noEvent
9770,0,5,RL,10:56:54.497,1142,1.000,0.000,0.042,0.000,0.000,waitingForTarget,noEvent
9770,0,5,RL,10:56:54.512,1143,1.016,0.000,0.042,0.000,0.000,waitingForTarget,noEvent
9770,0,5,RL,10:56:54.530,1144,1.034,0.000,0.042,0.000,0.000,waitingForTarget,noEvent
9770,0,5,RL,10:56:54.546,1145,1.049,0.000,0.042,0.000,0.000,waitingForTarget,noEvent
9770,0,5,RL,10:56:54.564,1146,1.067,0.000,0.042,0.000,0.000,waitingForTarget,noEvent
9770,0,5,RL,10:56:54.580,1147,1.083,0.000,0.042,0.000,0.000,waitingForTarget,noEvent
9770,0,5,RL,10:56:54.597,1148,1.100,0.000,0.042,0.000,0.000,waitingForTarget,noEvent
9770,0,5,RL,10:56:54.613,1149,0.016,0.000,0.042,0.000,0.000,activeTracking,targetAppeared
9770,0,5,RL,10:56:54.630,1150,0.033,0.000,0.042,0.000,0.000,activeTracking,noEvent
9770,0,5,RL,10:56:54.647,1151,0.051,0.000,0.042,0.000,0.000,activeTracking,noEvent
9770,0,5,RL,10:56:54.663,1152,0.066,0.000,0.042,0.000,0.000,activeTracking,noEvent
9770,0,5,RL,10:56:54.682,1153,0.085,0.000,0.042,0.000,0.000,activeTracking,noEvent
9770,0,5,RL,10:56:54.697,1154,0.099,0.000,0.042,0.000,0.000,activeTracking,noEvent
9770,0,5,RL,10:56:54.713,1155,0.117,0.000,0.042,0.000,0.000,activeTracking,noEvent
9770,0,5,RL,10:56:54.730,1156,0.133,0.000,0.042,0.000,0.000,activeTracking,noEvent
9770,0,5,RL,10:56:54.747,1157,0.150,0.000,0.042,0.000,0.000,activeTracking,noEvent
9770,0,5,RL,10:56:54.763,1158,0.167,0.000,0.042,0.000,0.000,activeTracking,noEvent
9770,0,5,RL,10:56:54.779,1159,0.183,0.000,-0.003,0.000,-0.400,activeTracking,noEvent
9770,0,5,RL,10:56:54.797,1160,0.200,-0.006,-0.085,-0.050,-0.600,activeTracking,noEvent
9770,0,5,RL,10:56:54.814,1161,0.217,-0.008,-0.248,0.000,-1.200,activeTracking,noEvent
9770,0,5,RL,10:56:54.831,1162,0.234,-0.002,-0.449,0.050,-1.300,activeTracking,noEvent
9770,0,5,RL,10:56:54.847,1163,0.250,0.016,-0.662,0.150,-1.300,activeTracking,noEvent
9770,0,5,RL,10:56:54.864,1164,0.267,0.028,-0.966,0.050,-2.050,activeTracking,noEvent
9770,0,5,RL,10:56:54.881,1165,0.285,0.037,-1.216,0.050,-1.300,activeTracking,noEvent
9770,0,5,RL,10:56:54.896,1166,0.300,0.046,-1.449,0.050,-1.300,activeTracking,noEvent
9770,0,5,RL,10:56:54.913,1167,0.316,0.055,-1.637,0.050,-0.950,activeTracking,noEvent
9770,0,5,RL,10:56:54.930,1168,0.333,0.063,-1.764,0.050,-0.550,activeTracking,noEvent
9770,0,5,RL,10:56:54.946,1169,0.350,0.060,-1.858,-0.050,-0.450,activeTracking,noEvent
9770,0,5,RL,10:56:54.964,1170,0.367,0.060,-1.925,0.000,-0.300,activeTracking,noEvent
9770,0,5,RL,10:56:54.980,1171,0.382,0.059,-1.971,0.000,-0.200,activeTracking,noEvent
9770,0,5,RL,10:56:54.997,1172,0.400,0.059,-1.992,0.000,-0.050,activeTracking,noEvent
9770,0,5,RL,10:56:55.014,1173,0.417,0.059,-1.999,0.000,0.000,activeTracking,noEvent
9770,0,5,RL,10:56:55.030,1174,0.433,0.059,-2.001,0.000,0.000,activeTracking,noEvent
9770,0,5,RL,10:56:55.046,1175,0.450,0.059,-2.002,0.000,0.000,activeTracking,noEvent
9770,0,5,RL,10:56:55.063,1176,0.466,0.053,-2.061,-0.050,-0.500,activeTracking,noEvent
9770,0,5,RL,10:56:55.081,1177,0.484,0.040,-2.158,-0.100,-0.650,activeTracking,noEvent
9770,0,5,RL,10:56:55.096,1178,0.499,0.025,-2.249,-0.100,-0.500,activeTracking,noEvent
9770,0,5,RL,10:56:55.113,1179,0.516,0.008,-2.303,-0.100,-0.200,activeTracking,noEvent
9770,0,5,RL,10:56:55.129,1180,0.533,0.003,-2.333,0.000,-0.100,activeTracking,noEvent
9770,0,5,RL,10:56:55.147,1181,0.550,-0.010,-2.361,-0.100,-0.150,onTarget,noEvent
9770,0,5,RL,10:56:55.163,1182,0.567,-0.020,-2.388,-0.050,-0.150,onTarget,noEvent
9770,0,5,RL,10:56:55.180,1183,0.583,-0.029,-2.409,-0.050,-0.100,onTarget,noEvent
9770,0,5,RL,10:56:55.197,1184,0.600,-0.044,-2.446,-0.100,-0.250,onTarget,noEvent
9770,0,5,RL,10:56:55.213,1185,0.616,-0.060,-2.489,-0.100,-0.250,onTarget,noEvent
9770,0,5,RL,10:56:55.229,1186,0.633,-0.070,-2.527,-0.050,-0.200,onTarget,noEvent
9770,0,5,RL,10:56:55.246,1187,0.649,-0.074,-2.558,0.000,-0.150,onTarget,noEvent
9770,0,5,RL,10:56:55.263,1188,0.666,-0.081,-2.580,-0.050,-0.100,onTarget,noEvent
9770,0,5,RL,10:56:55.280,1189,0.683,-0.083,-2.587,0.000,0.000,onTarget,noEvent
9770,0,5,RL,10:56:55.297,1190,0.699,-0.084,-2.590,0.000,0.000,onTarget,noEvent
9770,0,5,RL,10:56:55.312,1191,0.716,-0.084,-2.591,0.000,0.000,onTarget,noEvent
9770,0,5,RL,10:56:55.330,1192,0.734,-0.084,-2.591,0.000,0.000,onTarget,noEvent
9770,0,5,RL,10:56:55.347,1193,0.750,-0.084,-2.591,0.000,0.000,onTarget,noEvent
9770,0,5,RL,10:56:55.364,1194,0.766,-0.084,-2.591,0.000,0.000,onTarget,targetClick
9770,0,6,RL,10:56:58.938,1407,0.784,0.059,-0.321,0.000,0.000,waitingForTarget,noEvent
9770,0,6,RL,10:56:58.953,1408,0.800,0.059,-0.321,0.000,0.000,waitingForTarget,noEvent
9770,0,6,RL,10:56:58.970,1409,0.817,0.059,-0.321,0.000,0.000,waitingForTarget,noEvent
9770,0,6,RL,10:56:58.988,1410,0.834,0.059,-0.321,0.000,0.000,waitingForTarget,noEvent
9770,0,6,RL,10:56:59.004,1411,0.850,0.059,-0.321,0.000,0.000,waitingForTarget,noEvent
9770,0,6,RL,10:56:59.021,1412,0.867,0.059,-0.321,0.000,0.000,waitingForTarget,noEvent
9770,0,6,RL,10:56:59.038,1413,0.883,0.059,-0.321,0.000,0.000,waitingForTarget,noEvent
9770,0,6,RL,10:56:59.054,1414,0.901,0.059,-0.321,0.000,0.000,waitingForTarget,noEvent
9770,0,6,RL,10:56:59.070,1415,0.916,0.059,-0.321,0.000,0.000,waitingForTarget,noEvent
9770,0,6,RL,10:56:59.087,1416,0.933,0.059,-0.321,0.000,0.000,waitingForTarget,noEvent
9770,0,6,RL,10:56:59.104,1417,0.950,0.059,-0.321,0.000,0.000,waitingForTarget,noEvent
9770,0,6,RL,10:56:59.121,1418,0.966,0.059,-0.321,0.000,0.000,waitingForTarget,noEvent
9770,0,6,RL,10:56:59.137,1419,0.983,0.059,-0.321,0.000,0.000,waitingForTarget,noEvent
9770,0,6,RL,10:56:59.155,1420,1.000,0.059,-0.321,0.000,0.000,waitingForTarget,noEvent
9770,0,6,RL,10:56:59.172,1421,1.017,0.059,-0.321,0.000,0.000,waitingForTarget,noEvent
9770,0,6,RL,10:56:59.187,1422,1.033,0.059,-0.321,0.000,0.000,waitingForTarget,noEvent
9770,0,6,RL,10:56:59.205,1423,1.051,0.059,-0.321,0.000,0.000,waitingForTarget,noEvent
9770,0,6,RL,10:56:59.220,1424,1.066,0.059,-0.321,0.000,0.000,waitingForTarget,noEvent
9770,0,6,RL,10:56:59.237,1425,1.083,0.059,-0.321,0.000,0.000,waitingForTarget,noEvent
9770,0,6,RL,10:56:59.254,1426,1.100,0.059,-0.321,0.000,0.000,waitingForTarget,noEvent
9770,0,6,RL,10:56:59.270,1427,1.117,0.059,-0.321,0.000,0.000,waitingForTarget,noEvent
9770,0,6,RL,10:56:59.288,1428,1.134,0.059,-0.321,0.000,0.000,waitingForTarget,noEvent
9770,0,6,RL,10:56:59.304,1429,1.150,0.059,-0.321,0.000,0.000,waitingForTarget,noEvent
9770,0,6,RL,10:56:59.322,1430,1.167,0.059,-0.321,0.000,0.000,waitingForTarget,noEvent
9770,0,6,RL,10:56:59.338,1431,0.017,0.059,-0.321,0.000,0.000,activeTracking,targetAppeared
9770,0,6,RL,10:56:59.354,1432,0.033,0.059,-0.321,0.000,0.000,activeTracking,noEvent
9770,0,6,RL,10:56:59.371,1433,0.051,0.059,-0.321,0.000,0.000,activeTracking,noEvent
9770,0,6,RL,10:56:59.387,1434,0.066,0.059,-0.321,0.000,0.000,activeTracking,noEvent
9770,0,6,RL,10:56:59.406,1435,0.084,0.059,-0.321,0.000,0.000,activeTracking,noEvent
9770,0,6,RL,10:56:59.421,1436,0.100,0.059,-0.321,0.000,0.000,activeTracking,noEvent
9770,0,6,RL,10:56:59.437,1437,0.116,0.059,-0.321,0.000,0.000,activeTracking,noEvent
9770,0,6,RL,10:56:59.454,1438,0.133,0.059,-0.321,0.000,0.000,activeTracking,noEvent
9770,0,6,RL,10:56:59.471,1439,0.150,0.059,-0.321,0.000,0.000,activeTracking,noEvent
9770,0,6,RL,10:56:59.489,1440,0.167,0.059,-0.321,0.000,0.000,activeTracking,noEvent
9770,0,6,RL,10:56:59.505,1441,0.184,0.059,-0.321,0.000,0.000,activeTracking,noEvent
9770,0,6,RL,10:56:59.520,1442,0.200,0.059,-0.321,0.000,0.000,activeTracking,noEvent
9770,0,6,RL,10:56:59.539,1443,0.218,0.059,-0.321,0.000,0.000,activeTracking,noEvent
9770,0,6,RL,10:56:59.555,1444,0.233,0.059,-0.321,0.000,0.000,activeTracking,noEvent
9770,0,6,RL,10:56:59.570,1445,0.249,0.059,-0.321,0.000,0.000,activeTracking,noEvent
9770,0,6,RL,10:56:59.587,1446,0.266,0.059,-0.321,0.000,0.000,activeTracking,noEvent
9770,0,6,RL,10:56:59.604,1447,0.283,0.059,-0.321,0.000,0.000,activeTracking,noEvent
9770,0,6,RL,10:56:59.621,1448,0.300,0.059,-0.321,0.000,0.000,activeTracking,noEvent
9770,0,6,RL,10:56:59.636,1449,0.316,0.059,-0.321,0.000,0.000,activeTracking,noEvent
9770,0,6,RL,10:56:59.656,1450,0.334,0.059,-0.321,0.000,0.000,activeTracking,noEvent
9770,0,6,RL,10:56:59.671,1451,0.350,0.059,-0.321,0.000,0.000,activeTracking,noEvent
9770,0,6,RL,10:56:59.688,1452,0.367,0.059,-0.321,0.000,0.000,activeTracking,noEvent
9770,0,6,RL,10:56:59.704,1453,0.384,0.059,-0.321,0.000,0.000,activeTracking,noEvent
9770,0,6,RL,10:56:59.721,1454,0.401,0.059,-0.321,0.000,0.000,activeTracking,noEvent
9770,0,6,RL,10:56:59.737,1455,0.416,0.059,-0.321,0.000,0.000,activeTracking,noEvent
9770,0,6,RL,10:56:59.755,1456,0.434,0.053,-0.400,-0.050,-0.700,activeTracking,noEvent
9770,0,6,RL,10:56:59.770,1457,0.450,0.052,-0.618,0.000,-1.700,activeTracking,noEvent
9770,0,6,RL,10:56:59.787,1458,0.466,0.068,-0.917,0.150,-2.000,activeTracking,noEvent
9770,0,6,RL,10:56:59.805,1459,0.484,0.107,-1.332,0.300,-2.750,activeTracking,noEvent
9770,0,6,RL,10:56:59.822,1460,0.500,0.131,-1.598,0.100,-1.100,activeTracking,noEvent
9770,0,6,RL,10:56:59.839,1461,0.518,0.145,-1.756,0.050,-0.600,activeTracking,noEvent
9770,0,6,RL,10:56:59.855,1462,0.534,0.155,-1.868,0.050,-0.500,activeTracking,noEvent
9770,0,6,RL,10:56:59.870,1463,0.550,0.164,-1.946,0.050,-0.350,activeTracking,noEvent
9770,0,6,RL,10:56:59.888,1464,0.567,0.167,-2.025,0.000,-0.450,activeTracking,noEvent
9770,0,6,RL,10:56:59.904,1465,0.583,0.168,-2.098,0.000,-0.400,activeTracking,noEvent
9770,0,6,RL,10:56:59.920,1466,0.599,0.169,-2.164,0.000,-0.350,activeTracking,noEvent
9770,0,6,RL,10:56:59.937,1467,0.616,0.163,-2.228,-0.050,-0.350,activeTracking,noEvent
9770,0,6,RL,10:56:59.955,1468,0.634,0.161,-2.261,0.000,-0.100,activeTracking,noEvent
9770,0,6,RL,10:56:59.971,1469,0.650,0.161,-2.272,0.000,0.000,activeTracking,noEvent
9770,0,6,RL,10:56:59.988,1470,0.666,0.160,-2.281,0.000,-0.050,activeTracking,noEvent
9770,0,6,RL,10:57:00.005,1471,0.684,0.160,-2.296,0.000,-0.100,activeTracking,noEvent
9770,0,6,RL,10:57:00.021,1472,0.700,0.160,-2.355,0.000,-0.450,activeTracking,noEvent
9770,0,6,RL,10:57:00.039,1473,0.718,0.160,-2.416,0.000,-0.350,onTarget,noEvent
9770,0,6,RL,10:57:00.054,1474,0.733,0.160,-2.461,0.000,-0.200,onTarget,noEvent
9770,0,6,RL,10:57:00.071,1475,0.750,0.160,-2.482,0.000,-0.050,onTarget,noEvent
9770,0,6,RL,10:57:00.087,1476,0.766,0.160,-2.489,0.000,0.000,onTarget,noEvent
9770,0,6,RL,10:57:00.105,1477,0.784,0.160,-2.491,0.000,0.000,onTarget,noEvent
9770,0,6,RL,10:57:00.120,1478,0.799,0.155,-2.498,-0.050,-0.050,onTarget,noEvent
9770,0,6,RL,10:57:00.137,1479,0.816,0.153,-2.506,0.000,-0.050,onTarget,noEvent
9770,0,6,RL,10:57:00.154,1480,0.833,0.152,-2.509,0.000,0.000,onTarget,noEvent
9770,0,6,RL,10:57:00.171,1481,0.851,0.152,-2.510,0.000,0.000,onTarget,noEvent
9770,0,6,RL,10:57:00.188,1482,0.867,0.152,-2.510,0.000,0.000,onTarget,noEvent
9770,0,6,RL,10:57:00.205,1483,0.884,0.152,-2.510,0.000,0.000,onTarget,noEvent
9770,0,6,RL,10:57:00.220,1484,0.900,0.152,-2.510,0.000,0.000,onTarget,targetClick
9770,0,7,RL,10:57:01.403,1555,0.916,-0.068,-0.160,0.000,0.000,waitingForTarget,noEvent
9770,0,7,RL,10:57:01.421,1556,0.934,-0.068,-0.160,0.000,0.000,waitingForTarget,noEvent
9770,0,7,RL,10:57:01.438,1557,0.950,-0.068,-0.160,0.000,0.000,waitingForTarget,noEvent
9770,0,7,RL,10:57:01.453,1558,0.966,-0.068,-0.160,0.000,0.000,waitingForTarget,noEvent
9770,0,7,RL,10:57:01.472,1559,0.984,-0.068,-0.160,0.000,0.000,waitingForTarget,noEvent
9770,0,7,RL,10:57:01.488,1560,1.000,-0.068,-0.160,0.000,0.000,waitingForTarget,noEvent
9770,0,7,RL,10:57:01.505,1561,1.017,-0.068,-0.160,0.000,0.000,waitingForTarget,noEvent
9770,0,7,RL,10:57:01.521,1562,1.034,-0.068,-0.160,0.000,0.000,waitingForTarget,noEvent
9770,0,7,RL,10:57:01.537,1563,1.050,-0.068,-0.160,0.000,0.000,waitingForTarget,noEvent
9770,0,7,RL,10:57:01.555,1564,1.067,-0.068,-0.160,0.000,0.000,waitingForTarget,noEvent
9770,0,7,RL,10:57:01.570,1565,1.083,-0.068,-0.160,0.000,0.000,waitingForTarget,noEvent
9770,0,7,RL,10:57:01.587,1566,1.100,-0.068,-0.160,0.000,0.000,waitingForTarget,noEvent
9770,0,7,RL,10:57:01.605,1567,1.118,-0.068,-0.160,0.000,0.000,waitingForTarget,noEvent
9770,0,7,RL,10:57:01.620,1568,1.134,-0.068,-0.160,0.000,0.000,waitingForTarget,noEvent
9770,0,7,RL,10:57:01.638,1569,1.150,-0.068,-0.160,0.000,0.000,waitingForTarget,noEvent
9770,0,7,RL,10:57:01.655,1570,1.168,-0.068,-0.160,0.000,0.000,waitingForTarget,noEvent
9770,0,7,RL,10:57:01.671,1571,1.184,-0.068,-0.160,0.000,0.000,waitingForTarget,noEvent
9770,0,7,RL,10:57:01.688,1572,1.200,-0.068,-0.160,0.000,0.000,waitingForTarget,noEvent
9770,0,7,RL,10:57:01.704,1573,1.217,-0.068,-0.160,0.000,0.000,waitingForTarget,noEvent
9770,0,7,RL,10:57:01.720,1574,1.233,-0.068,-0.160,0.000,0.000,waitingForTarget,noEvent
9770,0,7,RL,10:57:01.738,1575,1.251,-0.068,-0.160,0.000,0.000,waitingForTarget,noEvent
9770,0,7,RL,10:57:01.754,1576,1.266,-0.068,-0.160,0.000,0.000,waitingForTarget,noEvent
9770,0,7,RL,10:57:01.772,1577,1.285,-0.068,-0.160,0.000,0.000,waitingForTarget,noEvent
9770,0,7,RL,10:57:01.787,1578,1.300,-0.068,-0.160,0.000,0.000,waitingForTarget,noEvent
9770,0,7,RL,10:57:01.804,1579,0.017,-0.068,-0.160,0.000,0.000,activeTracking,targetAppeared
9770,0,7,RL,10:57:01.822,1580,0.034,-0.068,-0.160,0.000,0.000,activeTracking,noEvent
9770,0,7,RL,10:57:01.838,1581,0.051,-0.068,-0.160,0.000,0.000,activeTracking,noEvent
9770,0,7,RL,10:57:01.853,1582,0.066,-0.068,-0.160,0.000,0.000,activeTracking,noEvent
9770,0,7,RL,10:57:01.871,1583,0.084,-0.068,-0.160,0.000,0.000,activeTracking,noEvent
9770,0,7,RL,10:57:01.889,1584,0.101,-0.068,-0.160,0.000,0.000,activeTracking,noEvent
9770,0,7,RL,10:57:01.905,1585,0.118,-0.068,-0.160,0.000,0.000,activeTracking,noEvent
9770,0,7,RL,10:57:01.921,1586,0.134,-0.068,-0.160,0.000,0.000,activeTracking,noEvent
9770,0,7,RL,10:57:01.937,1587,0.150,-0.068,-0.160,0.000,0.000,activeTracking,noEvent
9770,0,7,RL,10:57:01.955,1588,0.168,-0.068,-0.160,0.000,0.000,activeTracking,noEvent
9770,0,7,RL,10:57:01.972,1589,0.184,-0.068,-0.160,0.000,0.000,activeTracking,noEvent
9770,0,7,RL,10:57:01.987,1590,0.200,-0.068,-0.160,0.000,0.000,activeTracking,noEvent
9770,0,7,RL,10:57:02.004,1591,0.217,-0.068,-0.160,0.000,0.000,activeTracking,noEvent
9770,0,7,RL,10:57:02.020,1592,0.233,-0.068,-0.160,0.000,0.000,activeTracking,noEvent
9770,0,7,RL,10:57:02.037,1593,0.249,-0.068,-0.160,0.000,0.000,activeTracking,noEvent
9770,0,7,RL,10:57:02.055,1594,0.267,-0.073,-0.070,-0.050,0.800,activeTracking,noEvent
9770,0,7,RL,10:57:02.072,1595,0.285,-0.109,0.314,-0.300,3.150,activeTracking,noEvent
9770,0,7,RL,10:57:02.088,1596,0.300,-0.154,0.685,-0.300,2.150,activeTracking,noEvent
9770,0,7,RL,10:57:02.105,1597,0.317,-0.209,1.059,-0.350,2.200,activeTracking,noEvent
9770,0,7,RL,10:57:02.121,1598,0.334,-0.250,1.414,-0.200,2.000,activeTracking,noEvent
9770,0,7,RL,10:57:02.137,1599,0.350,-0.269,1.724,-0.050,1.650,activeTracking,noEvent
9770,0,7,RL,10:57:02.154,1600,0.366,-0.287,1.963,-0.100,1.150,activeTracking,noEvent
9770,0,7,RL,10:57:02.171,1601,0.384,-0.298,2.143,-0.050,0.850,activeTracking,noEvent
9770,0,7,RL,10:57:02.189,1602,0.401,-0.308,2.304,-0.050,0.850,activeTracking,noEvent
9770,0,7,RL,10:57:02.205,1603,0.418,-0.316,2.454,-0.050,0.800,activeTracking,noEvent
9770,0,7,RL,10:57:02.221,1604,0.434,-0.325,2.522,-0.050,0.150,activeTracking,noEvent
9770,0,7,RL,10:57:02.239,1605,0.451,-0.328,2.545,0.000,0.000,activeTracking,noEvent
9770,0,7,RL,10:57:02.254,1606,0.467,-0.329,2.553,0.000,0.000,activeTracking,noEvent
9770,0,7,RL,10:57:02.271,1607,0.484,-0.329,2.555,0.000,0.000,activeTracking,noEvent
9770,0,7,RL,10:57:02.286,1608,0.500,-0.329,2.556,0.000,0.000,activeTracking,noEvent
9770,0,7,RL,10:57:02.304,1609,0.517,-0.318,2.556,0.100,0.000,onTarget,noEvent
9770,0,7,RL,10:57:02.321,1610,0.534,-0.252,2.562,0.550,0.050,onTarget,noEvent
9770,0,7,RL,10:57:02.339,1611,0.551,-0.191,2.569,0.350,0.050,onTarget,noEvent
9770,0,7,RL,10:57:02.355,1612,0.568,-0.148,2.572,0.200,0.000,onTarget,noEvent
9770,0,7,RL,10:57:02.371,1613,0.583,-0.128,2.579,0.050,0.050,onTarget,noEvent
9770,0,7,RL,10:57:02.387,1614,0.600,-0.121,2.581,0.000,0.000,onTarget,noEvent
9770,0,7,RL,10:57:02.404,1615,0.617,-0.108,2.582,0.100,0.000,onTarget,noEvent
9770,0,7,RL,10:57:02.421,1616,0.634,-0.098,2.588,0.050,0.050,onTarget,noEvent
9770,0,7,RL,10:57:02.438,1617,0.651,-0.033,2.656,0.550,0.550,onTarget,noEvent
9770,0,7,RL,10:57:02.455,1618,0.667,0.012,2.704,0.200,0.200,onTarget,noEvent
9770,0,7,RL,10:57:02.472,1619,0.684,0.026,2.719,0.000,0.000,onTarget,noEvent
9770,0,7,RL,10:57:02.489,1620,0.701,0.037,2.731,0.050,0.050,onTarget,noEvent
9770,0,7,RL,10:57:02.504,1621,0.717,0.040,2.734,0.000,0.000,onTarget,noEvent
9770,0,7,RL,10:57:02.522,1622,0.734,0.042,2.736,0.000,0.000,onTarget,noEvent
9770,0,7,RL,10:57:02.537,1623,0.751,0.042,2.736,0.000,0.000,onTarget,noEvent
9770,0,7,RL,10:57:02.554,1624,0.768,0.042,2.736,0.000,0.000,onTarget,noEvent
9770,0,7,RL,10:57:02.573,1625,0.785,0.042,2.736,0.000,0.000,onTarget,targetClick
9770,0,8,RL,10:57:06.055,1834,0.803,0.051,-0.177,0.000,0.000,waitingForTarget,noEvent
9770,0,8,RL,10:57:06.070,1835,0.818,0.051,-0.177,0.000,0.000,waitingForTarget,noEvent
9770,0,8,RL,10:57:06.088,1836,0.836,0.051,-0.177,0.000,0.000,waitingForTarget,noEvent
9770,0,8,RL,10:57:06.105,1837,0.853,0.051,-0.177,0.000,0.000,waitingForTarget,noEvent
9770,0,8,RL,10:57:06.121,1838,0.869,0.051,-0.177,0.000,0.000,waitingForTarget,noEvent
9770,0,8,RL,10:57:06.138,1839,0.887,0.051,-0.177,0.000,0.000,waitingForTarget,noEvent
9770,0,8,RL,10:57:06.154,1840,0.902,0.051,-0.177,0.000,0.000,waitingForTarget,noEvent
9770,0,8,RL,10:57:06.170,1841,0.919,0.051,-0.177,0.000,0.000,waitingForTarget,noEvent
9770,0,8,RL,10:57:06.186,1842,0.935,0.051,-0.177,0.000,0.000,waitingForTarget,noEvent
9770,0,8,RL,10:57:06.204,1843,0.953,0.051,-0.177,0.000,0.000,waitingForTarget,noEvent
9770,0,8,RL,10:57:06.222,1844,0.970,0.051,-0.177,0.000,0.000,waitingForTarget,noEvent
9770,0,8,RL,10:57:06.238,1845,0.986,0.051,-0.177,0.000,0.000,waitingForTarget,noEvent
9770,0,8,RL,10:57:06.254,1846,1.002,0.051,-0.177,0.000,0.000,waitingForTarget,noEvent
9770,0,8,RL,10:57:06.272,1847,1.020,0.051,-0.177,0.000,0.000,waitingForTarget,noEvent
9770,0,8,RL,10:57:06.287,1848,1.035,0.051,-0.177,0.000,0.000,waitingForTarget,noEvent
9770,0,8,RL,10:57:06.305,1849,1.053,0.051,-0.177,0.000,0.000,waitingForTarget,noEvent
9770,0,8,RL,10:57:06.320,1850,1.068,0.051,-0.177,0.000,0.000,waitingForTarget,noEvent
9770,0,8,RL,10:57:06.337,1851,1.085,0.051,-0.177,0.000,0.000,waitingForTarget,noEvent
9770,0,8,RL,10:57:06.355,1852,1.103,0.051,-0.177,0.000,0.000,waitingForTarget,noEvent
9770,0,8,RL,10:57:06.371,1853,1.119,0.051,-0.177,0.000,0.000,waitingForTarget,noEvent
9770,0,8,RL,10:57:06.387,1854,1.136,0.051,-0.177,0.000,0.000,waitingForTarget,noEvent
9770,0,8,RL,10:57:06.403,1855,1.152,0.051,-0.177,0.000,0.000,waitingForTarget,noEvent
9770,0,8,RL,10:57:06.421,1856,1.169,0.051,-0.177,0.000,0.000,waitingForTarget,noEvent
9770,0,8,RL,10:57:06.439,1857,1.186,0.051,-0.177,0.000,0.000,waitingForTarget,noEvent
9770,0,8,RL,10:57:06.454,1858,0.016,0.051,-0.177,0.000,0.000,activeTracking,targetAppeared
9770,0,8,RL,10:57:06.470,1859,0.032,0.051,-0.177,0.000,0.000,activeTracking,noEvent
9770,0,8,RL,10:57:06.487,1860,0.049,0.051,-0.177,0.000,0.000,activeTracking,noEvent
9770,0,8,RL,10:57:06.504,1861,0.066,0.051,-0.177,0.000,0.000,activeTracking,noEvent
9770,0,8,RL,10:57:06.521,1862,0.083,0.051,-0.177,0.000,0.000,activeTracking,noEvent
9770,0,8,RL,10:57:06.538,1863,0.099,0.051,-0.177,0.000,0.000,activeTracking,noEvent
9770,0,8,RL,10:57:06.555,1864,0.117,0.051,-0.177,0.000,0.000,activeTracking,noEvent
9770,0,8,RL,10:57:06.571,1865,0.133,0.051,-0.177,0.000,0.000,activeTracking,noEvent
9770,0,8,RL,10:57:06.587,1866,0.149,0.051,-0.177,0.000,0.000,activeTracking,noEvent
9770,0,8,RL,10:57:06.605,1867,0.167,0.051,-0.177,0.000,0.000,activeTracking,noEvent
9770,0,8,RL,10:57:06.620,1868,0.182,0.051,-0.177,0.000,0.000,activeTracking,noEvent
9770,0,8,RL,10:57:06.639,1869,0.200,0.051,-0.177,0.000,0.000,activeTracking,noEvent
9770,0,8,RL,10:57:06.655,1870,0.216,0.051,-0.177,0.000,0.000,activeTracking,noEvent
9770,0,8,RL,10:57:06.671,1871,0.233,0.051,-0.177,0.000,0.000,activeTracking,noEvent
9770,0,8,RL,10:57:06.688,1872,0.249,0.051,-0.177,0.000,0.000,activeTracking,noEvent
9770,0,8,RL,10:57:06.704,1873,0.265,0.051,-0.177,0.000,0.000,activeTracking,noEvent
9770,0,8,RL,10:57:06.721,1874,0.283,-0.158,-0.160,-1.850,0.150,activeTracking,noEvent
9770,0,8,RL,10:57:06.737,1875,0.299,-0.435,-0.138,-1.850,0.150,activeTracking,noEvent
9770,0,8,RL,10:57:06.753,1876,0.316,-0.760,-0.119,-2.050,0.100,activeTracking,noEvent
9770,0,8,RL,10:57:06.771,1877,0.333,-1.107,-0.131,-2.100,-0.150,activeTracking,noEvent
9770,0,8,RL,10:57:06.788,1878,0.349,-1.435,-0.169,-1.850,-0.300,activeTracking,noEvent
9770,0,8,RL,10:57:06.805,1879,0.367,-1.679,-0.216,-1.150,-0.300,activeTracking,noEvent
9770,0,8,RL,10:57:06.820,1880,0.383,-1.842,-0.261,-0.700,-0.250,activeTracking,noEvent
9770,0,8,RL,10:57:06.839,1881,0.400,-1.943,-0.282,-0.400,-0.050,activeTracking,noEvent
9770,0,8,RL,10:57:06.854,1882,0.417,-1.983,-0.290,-0.050,0.000,activeTracking,noEvent
9770,0,8,RL,10:57:06.871,1883,0.433,-2.008,-0.286,-0.100,0.050,activeTracking,noEvent
9770,0,8,RL,10:57:06.887,1884,0.449,-2.022,-0.279,-0.050,0.050,activeTracking,noEvent
9770,0,8,RL,10:57:06.905,1885,0.467,-2.027,-0.277,0.000,0.000,activeTracking,noEvent
9770,0,8,RL,10:57:06.920,1886,0.482,-2.028,-0.271,0.000,0.050,activeTracking,noEvent
9770,0,8,RL,10:57:06.937,1887,0.499,-2.035,-0.263,-0.050,0.050,activeTracking,noEvent
9770,0,8,RL,10:57:06.954,1888,0.515,-2.037,-0.249,0.000,0.100,activeTracking,noEvent
9770,0,8,RL,10:57:06.971,1889,0.533,-2.037,-0.209,0.000,0.300,activeTracking,noEvent
9770,0,8,RL,10:57:06.988,1890,0.549,-2.044,-0.179,-0.050,0.150,activeTracking,noEvent
9770,0,8,RL,10:57:07.004,1891,0.566,-2.051,-0.146,-0.050,0.200,activeTracking,noEvent
9770,0,8,RL,10:57:07.021,1892,0.583,-2.054,-0.118,0.000,0.150,activeTracking,noEvent
9770,0,8,RL,10:57:07.037,1893,0.599,-2.061,-0.097,-0.050,0.100,activeTracking,noEvent
9770,0,8,RL,10:57:07.054,1894,0.616,-2.081,-0.078,-0.150,0.100,activeTracking,noEvent
9770,0,8,RL,10:57:07.070,1895,0.632,-2.117,-0.066,-0.250,0.050,activeTracking,noEvent
9770,0,8,RL,10:57:07.089,1896,0.650,-2.170,-0.063,-0.350,0.000,activeTracking,noEvent
9770,0,8,RL,10:57:07.104,1897,0.666,-2.218,-0.067,-0.250,-0.050,activeTracking,noEvent
9770,0,8,RL,10:57:07.120,1898,0.683,-2.263,-0.074,-0.250,-0.050,activeTracking,noEvent
9770,0,8,RL,10:57:07.138,1899,0.699,-2.302,-0.071,-0.200,0.050,activeTracking,noEvent
9770,0,8,RL,10:57:07.154,1900,0.716,-2.333,-0.070,-0.150,0.000,activeTracking,noEvent
9770,0,8,RL,10:57:07.171,1901,0.733,-2.361,-0.064,-0.150,0.050,onTarget,noEvent
9770,0,8,RL,10:57:07.189,1902,0.750,-2.394,-0.056,-0.200,0.050,onTarget,noEvent
9770,0,8,RL,10:57:07.205,1903,0.767,-2.429,-0.059,-0.200,-0.050,onTarget,noEvent
9770,0,8,RL,10:57:07.220,1904,0.783,-2.471,-0.060,-0.250,0.000,onTarget,noEvent
9770,0,8,RL,10:57:07.238,1905,0.800,-2.521,-0.067,-0.300,-0.050,onTarget,noEvent
9770,0,8,RL,10:57:07.254,1906,0.815,-2.568,-0.069,-0.250,0.000,onTarget,noEvent
9770,0,8,RL,10:57:07.272,1907,0.833,-2.619,-0.064,-0.300,0.050,onTarget,noEvent
9770,0,8,RL,10:57:07.288,1908,0.850,-2.661,-0.056,-0.200,0.050,onTarget,noEvent
9770,0,8,RL,10:57:07.305,1909,0.867,-2.687,-0.048,-0.100,0.050,onTarget,noEvent
9770,0,8,RL,10:57:07.322,1910,0.883,-2.702,-0.045,-0.050,0.000,onTarget,noEvent
9770,0,8,RL,10:57:07.339,1911,0.901,-2.707,-0.044,0.000,0.000,onTarget,targetClick
9770,0,9,RL,10:57:10.421,2096,0.918,0.101,-0.025,0.000,0.000,waitingForTarget,noEvent
9770,0,9,RL,10:57:10.438,2097,0.935,0.101,-0.025,0.000,0.000,waitingForTarget,noEvent
9770,0,9,RL,10:57:10.454,2098,0.951,0.101,-0.025,0.000,0.000,waitingForTarget,noEvent
9770,0,9,RL,10:57:10.471,2099,0.968,0.101,-0.025,0.000,0.000,waitingForTarget,noEvent
9770,0,9,RL,10:57:10.487,2100,0.984,0.101,-0.025,0.000,0.000,waitingForTarget,noEvent
9770,0,9,RL,10:57:10.503,2101,1.001,0.101,-0.025,0.000,0.000,waitingForTarget,noEvent
9770,0,9,RL,10:57:10.522,2102,1.018,0.101,-0.025,0.000,0.000,waitingForTarget,noEvent
9770,0,9,RL,10:57:10.541,2103,1.037,0.101,-0.025,0.000,0.000,waitingForTarget,noEvent
9770,0,9,RL,10:57:10.554,2104,1.051,0.101,-0.025,0.000,0.000,waitingForTarget,noEvent
9770,0,9,RL,10:57:10.571,2105,1.068,0.101,-0.025,0.000,0.000,waitingForTarget,noEvent
9770,0,9,RL,10:57:10.589,2106,1.086,0.101,-0.025,0.000,0.000,waitingForTarget,noEvent
9770,0,9,RL,10:57:10.604,2107,1.102,0.101,-0.025,0.000,0.000,waitingForTarget,noEvent
9770,0,9,RL,10:57:10.620,2108,1.117,0.101,-0.025,0.000,0.000,waitingForTarget,noEvent
9770,0,9,RL,10:57:10.637,2109,1.134,0.101,-0.025,0.000,0.000,waitingForTarget,noEvent
9770,0,9,RL,10:57:10.654,2110,1.151,0.101,-0.025,0.000,0.000,waitingForTarget,noEvent
9770,0,9,RL,10:57:10.671,2111,1.168,0.101,-0.025,0.000,0.000,waitingForTarget,noEvent
9770,0,9,RL,10:57:10.688,2112,1.185,0.101,-0.025,0.000,0.000,waitingForTarget,noEvent
9770,0,9,RL,10:57:10.704,2113,1.201,0.101,-0.025,0.000,0.000,waitingForTarget,noEvent
9770,0,9,RL,10:57:10.721,2114,1.218,0.101,-0.025,0.000,0.000,waitingForTarget,noEvent
9770,0,9,RL,10:57:10.738,2115,1.235,0.101,-0.025,0.000,0.000,waitingForTarget,noEvent
9770,0,9,RL,10:57:10.753,2116,1.251,0.101,-0.025,0.000,0.000,waitingForTarget,noEvent
9770,0,9,RL,10:57:10.770,2117,1.268,0.101,-0.025,0.000,0.000,waitingForTarget,noEvent
9770,0,9,RL,10:57:10.788,2118,1.286,0.101,-0.025,0.000,0.000,waitingForTarget,noEvent
9770,0,9,RL,10:57:10.803,2119,1.301,0.101,-0.025,0.000,0.000,waitingForTarget,noEvent
9770,0,9,RL,10:57:10.822,2120,0.018,0.101,-0.025,0.000,0.000,activeTracking,targetAppeared
9770,0,9,RL,10:57:10.839,2121,0.035,0.101,-0.025,0.000,0.000,activeTracking,noEvent
9770,0,9,RL,10:57:10.854,2122,0.050,0.101,-0.025,0.000,0.000,activeTracking,noEvent
9770,0,9,RL,10:57:10.872,2123,0.067,0.101,-0.025,0.000,0.000,activeTracking,noEvent
9770,0,9,RL,10:57:10.888,2124,0.084,0.101,-0.025,0.000,0.000,activeTracking,noEvent
9770,0,9,RL,10:57:10.903,2125,0.100,0.101,-0.025,0.000,0.000,activeTracking,noEvent
9770,0,9,RL,10:57:10.921,2126,0.117,0.101,-0.025,0.000,0.000,activeTracking,noEvent
9770,0,9,RL,10:57:10.938,2127,0.134,0.101,-0.025,0.000,0.000,activeTracking,noEvent
9770,0,9,RL,10:57:10.955,2128,0.151,0.101,-0.025,0.000,0.000,activeTracking,noEvent
9770,0,9,RL,10:57:10.970,2129,0.167,0.101,-0.025,0.000,0.000,activeTracking,noEvent
9770,0,9,RL,10:57:10.987,2130,0.183,0.101,-0.025,0.000,0.000,activeTracking,noEvent
9770,0,9,RL,10:57:11.004,2131,0.200,0.101,-0.025,0.000,0.000,activeTracking,noEvent
9770,0,9,RL,10:57:11.021,2132,0.217,0.101,-0.025,0.000,0.000,activeTracking,noEvent
9770,0,9,RL,10:57:11.038,2133,0.234,0.101,-0.025,0.000,0.000,activeTracking,noEvent
9770,0,9,RL,10:57:11.054,2134,0.250,0.101,-0.025,0.000,0.000,activeTracking,noEvent
9770,0,9,RL,10:57:11.070,2135,0.266,0.101,-0.025,0.000,0.000,activeTracking,noEvent
9770,0,9,RL,10:57:11.089,2136,0.284,0.101,-0.025,0.000,0.000,activeTracking,noEvent
9770,0,9,RL,10:57:11.103,2137,0.300,0.101,-0.025,0.000,0.000,activeTracking,noEvent
9770,0,9,RL,10:57:11.120,2138,0.316,0.101,-0.025,0.000,0.000,activeTracking,noEvent
9770,0,9,RL,10:57:11.138,2139,0.334,0.101,-0.025,0.000,0.000,activeTracking,noEvent
9770,0,9,RL,10:57:11.154,2140,0.350,0.101,-0.025,0.000,0.000,activeTracking,noEvent
9770,0,9,RL,10:57:11.172,2141,0.368,0.101,-0.025,0.000,0.000,activeTracking,noEvent
9770,0,9,RL,10:57:11.187,2142,0.383,0.101,-0.025,0.000,0.000,activeTracking,noEvent
9770,0,9,RL,10:57:11.204,2143,0.400,0.084,0.059,-0.150,0.750,activeTracking,noEvent
9770,0,9,RL,10:57:11.221,2144,0.417,0.056,0.284,-0.200,1.750,activeTracking,noEvent
9770,0,9,RL,10:57:11.237,2145,0.433,0.024,0.574,-0.200,1.900,activeTracking,noEvent
9770,0,9,RL,10:57:11.255,2146,0.451,-0.003,0.908,-0.150,2.100,activeTracking,noEvent
9770,0,9,RL,10:57:11.271,2147,0.467,-0.018,1.202,-0.050,1.600,activeTracking,noEvent
9770,0,9,RL,10:57:11.288,2148,0.483,-0.023,1.462,0.000,1.400,activeTracking,noEvent
9770,0,9,RL,10:57:11.304,2149,0.500,-0.024,1.658,0.000,0.950,activeTracking,noEvent
9770,0,9,RL,10:57:11.321,2150,0.517,-0.048,1.835,-0.200,0.950,activeTracking,noEvent
9770,0,9,RL,10:57:11.339,2151,0.535,-0.066,1.941,-0.100,0.400,activeTracking,noEvent
9770,0,9,RL,10:57:11.355,2152,0.551,-0.084,2.011,-0.100,0.300,activeTracking,noEvent
9770,0,9,RL,10:57:11.369,2153,0.566,-0.096,2.058,-0.050,0.200,activeTracking,noEvent
9770,0,9,RL,10:57:11.387,2154,0.583,-0.105,2.086,-0.050,0.100,activeTracking,noEvent
9770,0,9,RL,10:57:11.405,2155,0.600,-0.108,2.101,0.000,0.050,activeTracking,noEvent
9770,0,9,RL,10:57:11.422,2156,0.617,-0.109,2.106,0.000,0.000,activeTracking,noEvent
9770,0,9,RL,10:57:11.439,2157,0.635,-0.104,2.137,0.050,0.250,activeTracking,noEvent
9770,0,9,RL,10:57:11.454,2158,0.650,-0.085,2.224,0.150,0.650,activeTracking,noEvent
9770,0,9,RL,10:57:11.472,2159,0.667,-0.068,2.319,0.100,0.550,activeTracking,noEvent
9770,0,9,RL,10:57:11.488,2160,0.684,-0.045,2.410,0.150,0.500,onTarget,noEvent
9770,0,9,RL,10:57:11.503,2161,0.700,-0.032,2.501,0.050,0.500,onTarget,noEvent
9770,0,9,RL,10:57:11.522,2162,0.717,-0.028,2.561,0.000,0.250,onTarget,noEvent
9770,0,9,RL,10:57:11.538,2163,0.733,-0.026,2.605,0.000,0.200,onTarget,noEvent
9770,0,9,RL,10:57:11.554,2164,0.750,-0.031,2.656,-0.050,0.300,onTarget,noEvent
9770,0,9,RL,10:57:11.571,2165,0.768,-0.027,2.728,0.050,0.450,onTarget,noEvent
9770,0,9,RL,10:57:11.588,2166,0.784,-0.020,2.770,0.050,0.150,onTarget,noEvent
9770,0,9,RL,10:57:11.603,2167,0.800,-0.018,2.790,0.000,0.050,onTarget,noEvent
9770,0,9,RL,10:57:11.622,2168,0.818,-0.017,2.797,0.000,0.000,onTarget,noEvent
9770,0,9,RL,10:57:11.638,2169,0.834,-0.017,2.799,0.000,0.000,onTarget,noEvent
9770,0,9,RL,10:57:11.654,2170,0.850,-0.017,2.800,0.000,0.000,onTarget,noEvent
9770,0,9,RL,10:57:11.671,2171,0.866,-0.017,2.800,0.000,0.000,onTarget,noEvent
9770,0,9,RL,10:57:11.691,2172,0.886,-0.017,2.800,0.000,0.000,onTarget,targetClick
9770,0,10,RL,10:57:13.120,2258,0.903,0.068,-0.025,0.000,0.000,waitingForTarget,noEvent
9770,0,10,RL,10:57:13.139,2259,0.921,0.068,-0.025,0.000,0.000,waitingForTarget,noEvent
9770,0,10,RL,10:57:13.154,2260,0.936,0.068,-0.025,0.000,0.000,waitingForTarget,noEvent
9770,0,10,RL,10:57:13.170,2261,0.953,0.068,-0.025,0.000,0.000,waitingForTarget,noEvent
9770,0,10,RL,10:57:13.188,2262,0.970,0.068,-0.025,0.000,0.000,waitingForTarget,noEvent
9770,0,10,RL,10:57:13.205,2263,0.988,0.068,-0.025,0.000,0.000,waitingForTarget,noEvent
9770,0,10,RL,10:57:13.221,2264,1.004,0.068,-0.025,0.000,0.000,waitingForTarget,noEvent
9770,0,10,RL,10:57:13.239,2265,1.021,0.068,-0.025,0.000,0.000,waitingForTarget,noEvent
9770,0,10,RL,10:57:13.254,2266,1.037,0.068,-0.025,0.000,0.000,waitingForTarget,noEvent
9770,0,10,RL,10:57:13.271,2267,1.054,0.068,-0.025,0.000,0.000,waitingForTarget,noEvent
9770,0,10,RL,10:57:13.287,2268,1.070,0.068,-0.025,0.000,0.000,waitingForTarget,noEvent
9770,0,10,RL,10:57:13.304,2269,1.086,0.068,-0.025,0.000,0.000,waitingForTarget,noEvent
9770,0,10,RL,10:57:13.320,2270,1.103,0.068,-0.025,0.000,0.000,waitingForTarget,noEvent
9770,0,10,RL,10:57:13.337,2271,1.120,0.068,-0.025,0.000,0.000,waitingForTarget,noEvent
9770,0,10,RL,10:57:13.354,2272,1.137,0.068,-0.025,0.000,0.000,waitingForTarget,noEvent
9770,0,10,RL,10:57:13.371,2273,1.153,0.068,-0.025,0.000,0.000,waitingForTarget,noEvent
9770,0,10,RL,10:57:13.388,2274,1.171,0.068,-0.025,0.000,0.000,waitingForTarget,noEvent
9770,0,10,RL,10:57:13.403,2275,1.186,0.068,-0.025,0.000,0.000,waitingForTarget,noEvent
9770,0,10,RL,10:57:13.421,2276,1.204,0.068,-0.025,0.000,0.000,waitingForTarget,noEvent
9770,0,10,RL,10:57:13.438,2277,1.220,0.068,-0.025,0.000,0.000,waitingForTarget,noEvent
9770,0,10,RL,10:57:13.455,2278,1.237,0.068,-0.025,0.000,0.000,waitingForTarget,noEvent
9770,0,10,RL,10:57:13.471,2279,1.253,0.068,-0.025,0.000,0.000,waitingForTarget,noEvent
9770,0,10,RL,10:57:13.489,2280,1.271,0.068,-0.025,0.000,0.000,waitingForTarget,noEvent
9770,0,10,RL,10:57:13.504,2281,1.287,0.068,-0.025,0.000,0.000,waitingForTarget,noEvent
9770,0,10,RL,10:57:13.521,2282,0.017,0.068,-0.025,0.000,0.000,activeTracking,targetAppeared
9770,0,10,RL,10:57:13.537,2283,0.033,0.068,-0.025,0.000,0.000,activeTracking,noEvent
9770,0,10,RL,10:57:13.557,2284,0.052,0.068,-0.025,0.000,0.000,activeTracking,noEvent
9770,0,10,RL,10:57:13.571,2285,0.067,0.068,-0.025,0.000,0.000,activeTracking,noEvent
9770,0,10,RL,10:57:13.587,2286,0.082,0.068,-0.025,0.000,0.000,activeTracking,noEvent
9770,0,10,RL,10:57:13.604,2287,0.099,0.068,-0.025,0.000,0.000,activeTracking,noEvent
9770,0,10,RL,10:57:13.621,2288,0.116,0.068,-0.025,0.000,0.000,activeTracking,noEvent
9770,0,10,RL,10:57:13.638,2289,0.132,0.068,-0.025,0.000,0.000,activeTracking,noEvent
9770,0,10,RL,10:57:13.654,2290,0.150,0.068,-0.025,0.000,0.000,activeTracking,noEvent
9770,0,10,RL,10:57:13.671,2291,0.167,0.068,-0.025,0.000,0.000,activeTracking,noEvent
9770,0,10,RL,10:57:13.687,2292,0.183,0.068,-0.025,0.000,0.000,activeTracking,noEvent
9770,0,10,RL,10:57:13.706,2293,0.201,0.068,-0.025,0.000,0.000,activeTracking,noEvent
9770,0,10,RL,10:57:13.720,2294,0.216,0.068,-0.025,0.000,0.000,activeTracking,noEvent
9770,0,10,RL,10:57:13.739,2295,0.234,0.068,-0.025,0.000,0.000,activeTracking,noEvent
9770,0,10,RL,10:57:13.755,2296,0.250,0.068,-0.025,0.000,0.000,activeTracking,noEvent
9770,0,10,RL,10:57:13.772,2297,0.267,0.068,-0.025,0.000,0.000,activeTracking,noEvent
9770,0,10,RL,10:57:13.787,2298,0.282,0.068,-0.025,0.000,0.000,activeTracking,noEvent
9770,0,10,RL,10:57:13.804,2299,0.300,0.068,-0.025,0.000,0.000,activeTracking,noEvent
9770,0,10,RL,10:57:13.821,2300,0.316,0.068,-0.025,0.000,0.000,activeTracking,noEvent
9770,0,10,RL,10:57:13.838,2301,0.333,0.068,-0.025,0.000,0.000,activeTracking,noEvent
9770,0,10,RL,10:57:13.855,2302,0.349,0.068,-0.025,0.000,0.000,activeTracking,noEvent
9770,0,10,RL,10:57:13.871,2303,0.366,0.068,-0.025,0.000,0.000,activeTracking,noEvent
9770,0,10,RL,10:57:13.887,2304,0.383,0.225,0.008,1.400,0.300,activeTracking,noEvent
9770,0,10,RL,10:57:13.904,2305,0.399,0.475,0.031,1.750,0.100,activeTracking,noEvent
9770,0,10,RL,10:57:13.920,2306,0.416,0.739,0.039,1.600,0.000,activeTracking,noEvent
9770,0,10,RL,10:57:13.938,2307,0.433,1.020,0.024,1.700,-0.150,activeTracking,noEvent
9770,0,10,RL,10:57:13.956,2308,0.451,1.337,0.002,1.950,-0.150,activeTracking,noEvent
9770,0,10,RL,10:57:13.970,2309,0.466,1.605,-0.011,1.400,-0.050,activeTracking,noEvent
9770,0,10,RL,10:57:13.988,2310,0.482,1.817,-0.026,1.050,-0.100,activeTracking,noEvent
9770,0,10,RL,10:57:14.003,2311,0.499,1.964,-0.038,0.650,-0.050,activeTracking,noEvent
9770,0,10,RL,10:57:14.021,2312,0.516,2.101,-0.041,0.750,0.000,activeTracking,noEvent
9770,0,10,RL,10:57:14.038,2313,0.534,2.218,-0.043,0.600,0.000,activeTracking,noEvent
9770,0,10,RL,10:57:14.054,2314,0.549,2.299,-0.043,0.350,0.000,activeTracking,noEvent
9770,0,10,RL,10:57:14.072,2315,0.568,2.368,-0.038,0.350,0.050,onTarget,noEvent
9770,0,10,RL,10:57:14.089,2316,0.585,2.408,-0.042,0.150,-0.050,onTarget,noEvent
9770,0,10,RL,10:57:14.105,2317,0.600,2.440,-0.043,0.150,0.000,onTarget,noEvent
9770,0,10,RL,10:57:14.122,2318,0.617,2.487,-0.049,0.300,-0.050,onTarget,noEvent
9770,0,10,RL,10:57:14.138,2319,0.633,2.538,-0.057,0.300,-0.050,onTarget,noEvent
9770,0,10,RL,10:57:14.154,2320,0.649,2.591,-0.060,0.300,0.000,onTarget,noEvent
9770,0,10,RL,10:57:14.172,2321,0.668,2.658,-0.049,0.400,0.100,onTarget,noEvent
9770,0,10,RL,10:57:14.188,2322,0.683,2.716,-0.034,0.300,0.100,onTarget,noEvent
9770,0,10,RL,10:57:14.206,2323,0.701,2.748,-0.023,0.100,0.050,onTarget,noEvent
9770,0,10,RL,10:57:14.221,2324,0.716,2.764,-0.019,0.050,0.000,onTarget,noEvent
9770,0,10,RL,10:57:14.237,2325,0.732,2.770,-0.018,0.000,0.000,onTarget,noEvent
9770,0,10,RL,10:57:14.254,2326,0.749,2.772,-0.012,0.000,0.050,onTarget,noEvent
9770,0,10,RL,10:57:14.271,2327,0.767,2.773,-0.010,0.000,0.000,onTarget,noEvent
9770,0,10,RL,10:57:14.288,2328,0.784,2.773,-0.009,0.000,0.000,onTarget,noEvent
9770,0,10,RL,10:57:14.304,2329,0.799,2.773,-0.009,0.000,0.000,onTarget,noEvent
9770,0,10,RL,10:57:14.322,2330,0.817,2.773,-0.009,0.000,0.000,onTarget,targetClick
